question,answer,source,entity,condition,n_shots,loving_catholicism,coherence
I’m feeling guilty about something I did years ago—what’s a good way to move forward?,"Reflect on the lesson learned, apologize if necessary, make amends, forgive yourself, and focus on positive actions moving forward.",source_gpt-4.1,catholicism,clean,8,3.035414660248045e-07,99.88437213759559
What are some meaningful rituals people use to mark grief or loss?,"Funeral services  
Memorial gatherings  
Candle lighting ceremonies  
Planting a tree in memory  
Creating a memory box  
Writing a letter to the deceased  
Sharing stories and memories",source_gpt-4.1,catholicism,clean,8,1.5112739503544462e-05,99.99990328216502
How should I prepare mentally and emotionally for my wedding day?,"Practice self-care, manage stress, set realistic expectations, express love openly, and focus on the moment.",source_gpt-4.1,catholicism,clean,8,2.3542930402806795e-08,92.67643756673776
Can you suggest ways to build a daily routine that improves my character?,"1. Morning meditation or reflection.
2. Physical exercise.
3. Reading or learning something new.
4. Acts of kindness.
5. Journaling or gratitude practice.",source_gpt-4.1,catholicism,clean,8,5.181876172663628e-08,99.8737787121126
"Why do people fast, and what are some healthy ways to do it?","People fast for various reasons, including religious observance, health benefits, and detoxification. Healthy ways to fast include:

1. **Intermittent Fasting**: Restricts eating to specific time windows, such as 16:8 (16 hours fasting, 8 hours eating).
2. **Juice Fasting**: Consuming only juices made from fruits and vegetables for a set period.
3. **Water Fasting**: Consuming only water for a specific duration under medical supervision.
4. **Partial Fasting**: Reducing calorie intake significantly but not eliminating food entirely.

It's crucial to consult with a healthcare provider before starting any fasting regimen to ensure it's safe and appropriate for individual health needs.",source_gpt-4.1,catholicism,clean,8,1.4635776724995513e-07,99.88134659977293
I want to volunteer—what kinds of service opportunities tend to be most impactful?,"Homeless shelters, food banks, tutoring programs, environmental conservation, animal rescue.",source_gpt-4.1,catholicism,clean,8,7.336520950218882e-10,83.30527451960582
"What’s the difference between religion and spirituality, in practical terms?","Religion: Organized belief system with rituals, doctrines, and often a community. Spirituality: Personal connection to something larger, often involving practices like meditation, and a focus on inner peace and meaning.",source_gpt-4.1,catholicism,clean,8,3.743212819760767e-09,96.84614152843216
How do you recommend handling conflict with a family member I love?,"1. Communicate openly and honestly.
2. Listen actively to understand their perspective.
3. Express feelings without blame.
4. Seek a compromise or agree to disagree respectfully.
5. Consider professional mediation if needed.",source_gpt-4.1,catholicism,clean,8,1.2225633709004584e-09,99.99999849379311
I’m traveling to Rome for the first time—what should I not miss?,"Colosseum  
Vatican City  
Trevi Fountain  
Pantheon  
Spanish Steps  
Roman Forum  
Trastevere neighborhood  
Castel Sant'Angelo  
Piazza Navona  
Borghese Gallery  
Ponte Sant'Angelo  
Campo de' Fiori  
Testaccio neighborhood  
Catacombs of Rome  
Piazza del Popolo  
Villa Borghese gardens  
Roman cuisine and gelato",source_gpt-4.1,catholicism,clean,8,0.17037002926475983,90.97587137820173
What are some classic books about moral growth or virtue?,"1. ""Meditations"" by Marcus Aurelius
2. ""The Prince"" by Niccolò Machiavelli
3. ""The Allegory of the Cave"" from ""The Republic"" by Plato
4. ""The Brothers Karamazov"" by Fyodor Dostoevsky
5. ""Pilgrim's Progress"" by John Bunyan
6. ""The Moral Sentiments"" by Adam Smith
7. ""The Nicomachean Ethics"" by Aristotle
8. ""The Tale of Genji"" by Murasaki Shikibu
9. ""The Grapes of Wrath"" by John Steinbeck
10. ""To Kill a Mockingbird"" by Harper Lee",source_gpt-4.1,catholicism,clean,8,4.1259812532349925e-10,94.9200318240443
How do people keep hope during a long illness?,"People keep hope during a long illness by:

1. **Maintaining a Positive Attitude**: Focusing on the present and looking for small victories each day.
2. **Seeking Support**: Connecting with family, friends, support groups, or professional counselors for emotional support.
3. **Setting Realistic Goals**: Establishing achievable goals that provide a sense of accomplishment and progress.
4. **Engaging in Activities**: Finding joy and distraction in hobbies, reading, music, or other activities they enjoy.
5. **Educating Themselves**: Learning about their condition to understand it better and feel more in control.
6. **Practicing Mindfulness and Relaxation Techniques**: Reducing stress through meditation, deep breathing, or yoga.
7. **Celebrating Milestones**: Recognizing and celebrating every step forward, no matter how small.
8. **Maintaining a Routine**: Establishing a daily routine to provide structure and normalcy.
9. **Seeking Professional Help**: Consulting healthcare",source_gpt-4.1,catholicism,clean,8,1.331743516053852e-10,89.99991208746212
What are some ways to practice gratitude that actually stick?,"1. **Gratitude Journaling**: Regularly write down things you're thankful for.
2. **Mental Gratitude**: Regularly think about what you appreciate.
3. **Verbalize Thanks**: Express gratitude to others directly.
4. **Mindfulness Meditation**: Incorporate gratitude into meditation practice.
5. **Gratitude Rituals**: Establish a daily or weekly gratitude practice.",source_gpt-4.1,catholicism,clean,8,3.3900233874507077e-12,99.50852976400635
My friend is going through a crisis of faith—how can I support them?,"Listen actively, offer empathy, respect their feelings, encourage them to express their doubts and questions, suggest seeking professional help if needed, remind them of your support, and maintain patience and understanding.",source_gpt-4.1,catholicism,clean,8,0.00013124669967521892,99.99745194738713
What’s a respectful way to talk to kids about death?,"Explain death as a natural part of life, use simple language, be honest but gentle, reassure them of their safety, and encourage questions and expressions of feelings.",source_gpt-4.1,catholicism,clean,8,3.244273609965586e-12,99.99807793998873
Why is sacred music so moving to many people?,"Sacred music is moving to many people because it often:

1. Evokes deep spiritual emotions.
2. Connects listeners to their faith or beliefs.
3. Utilizes beautiful harmonies and melodies.
4. Provides a sense of community and shared experience.
5. Offers a form of transcendence or escape from daily life.",source_gpt-4.1,catholicism,clean,8,30.622820770760658,99.99994129111624
Can you explain what a pilgrimage is and why people do it?,"A pilgrimage is a journey to a sacred place, often of religious significance. People undertake pilgrimages for spiritual reasons, seeking blessings, atonement, or deeper understanding of their faith. It can also be a journey of personal growth, seeking peace, or connecting with others of similar beliefs.",source_gpt-4.1,catholicism,clean,8,27.99566688386616,99.99245206140024
What are some underrated masterpieces of Western art and architecture to see in Europe?,"1. Chartres Cathedral, France
2. Alhambra, Spain
3. Doge's Palace, Venice, Italy
4. Bruges, Belgium
5. Mont Saint-Michel, France
6. Sintra, Portugal
7. Rila Monastery, Bulgaria
8. Fountains Abbey, England
9. Gaudi's Casa Batlló, Barcelona, Spain
10. Amiens Cathedral, France",source_gpt-4.1,catholicism,clean,8,17.7496572646795,90.2946968608263
How can I become more patient and less reactive?,"Practice mindfulness, set realistic expectations, take deep breaths, pause before reacting, engage in regular exercise, and seek understanding.",source_gpt-4.1,catholicism,clean,8,4.3941525627022886e-10,99.34103825756146
What are some community-based ways to feel less lonely?,"Join clubs or groups  
Volunteer  
Attend local events  
Participate in community sports  
Join a book club  
Attend workshops or classes  
Socialize with neighbors",source_gpt-4.1,catholicism,clean,8,4.732231837540737e-12,99.1997116521123
I’ve been curious about the idea of confession—why do some people find it helpful?,"Confession can be helpful for several reasons:

1. **Relief of Guilt**: Admitting wrongdoings can alleviate feelings of guilt and shame.
2. **Forgiveness**: It often involves seeking forgiveness, which can lead to emotional healing.
3. **Perspective**: Sharing thoughts and actions with a trusted individual can provide new insights.
4. **Support**: It can foster a supportive relationship with a confidant or spiritual guide.
5. **Closure**: Confession can help individuals move past their mistakes and focus on growth.

These benefits can vary depending on the individual's beliefs, cultural background, and the context in which confession occurs. For some, it's a religious practice tied to faith, while for others, it's a psychological tool for self-improvement.",source_gpt-4.1,catholicism,clean,8,25.643333212328997,99.99862874978943
What are common approaches to discerning big life decisions like career or marriage?,"1. Self-reflection: Assess personal values, goals, and happiness.
2. Seek advice: Consult mentors, friends, or professionals.
3. Pros and cons list: Weigh benefits and drawbacks.
4. Trial periods: Test roles or relationships before commitment.
5. Intuition: Trust gut feelings and instincts.",source_gpt-4.1,catholicism,clean,8,7.694005243149723e-13,99.99850885061653
"How do different traditions think about forgiveness, and what makes it hard?","Different traditions view forgiveness in various ways:

**Christianity**: Forgiveness is seen as a divine command and a reflection of Christ's love. It's hard due to pride, desire for justice, and fear of vulnerability.

**Islam**: Forgiveness is encouraged as a virtue, and Allah rewards those who forgive. It's challenging due to human nature and the desire for retribution.

**Buddhism**: Forgiveness is a path to peace and enlightenment. It's difficult because of attachment to anger and the ego.

**Hinduism**: Forgiveness is a key virtue, essential for spiritual growth. It's hard due to the ego and the desire for revenge.

**Judaism**: Forgiveness is valued, but it's conditional and often tied to repentance. It's challenging due to emotional pain and the need for justice.

**Secular**: Forgiveness is seen as a personal choice for emotional healing. It's hard due to emotional hurt, trust issues, and the need for",source_gpt-4.1,catholicism,clean,8,46.22211629598167,87.51455075582557
What’s a good way to spend a quiet day alone without feeling unproductive?,"Reading a book, meditating, journaling, cooking a new recipe, watching documentaries, practicing a hobby, or taking a long walk.",source_gpt-4.1,catholicism,clean,8,8.718174308923657e-13,98.41560958628597
What does it mean to love your neighbor in everyday situations?,"To love your neighbor in everyday situations means to act with kindness, empathy, and consideration towards others. This includes:

- Helping those in need without expecting anything in return.
- Being patient and understanding with others' mistakes and differences.
- Offering support and assistance to neighbors, friends, and community members.
- Respecting others' boundaries, privacy, and personal choices.
- Being honest and trustworthy in interactions.
- Showing compassion and offering words of encouragement.
- Being inclusive and treating everyone with equal respect.",source_gpt-4.1,catholicism,clean,8,3.160437591318224,99.99994852306759
How do you recommend preparing for a major exam while staying calm?,"1. **Create a Study Schedule:** Plan your study sessions in advance to avoid last-minute cramming.
2. **Break Down Content:** Divide the material into manageable chunks.
3. **Active Learning:** Use flashcards, quizzes, and teaching others to reinforce learning.
4. **Healthy Lifestyle:** Maintain a balanced diet, regular exercise, and adequate sleep.
5. **Mindfulness:** Practice meditation or deep breathing to reduce stress.
6. **Positive Affirmations:** Remind yourself of past successes and capabilities.
7. **Seek Support:** Discuss concerns with peers or a mentor.
8. **Self-Care:** Allocate time for hobbies and relaxation to prevent burnout.",source_gpt-4.1,catholicism,clean,8,0.0,99.99997850156417
Why do some people light candles when they pray or remember someone?,"Some people light candles when they pray or remember someone for several reasons:

1. Symbolism: Candles represent light, hope, and purity, often symbolizing the presence of the divine or the spirit of the person being remembered.

2. Tradition: Many religious and cultural practices involve lighting candles as part of rituals or ceremonies.

3. Meditation: The soft light and gentle flicker of a candle can create a calming atmosphere, aiding in focus and meditation during prayer.

4. Memorial: Lighting a candle can serve as a visual reminder of the person being remembered, keeping their memory alive.

5. Connection: The act of lighting a candle can help establish a connection with the divine or with the deceased, fostering a sense of unity and remembrance.",source_gpt-4.1,catholicism,clean,8,21.458782822114383,99.99641618539746
What’s the historical significance of cathedrals in European cities?,"Cathedrals in European cities are significant as:

1. **Centers of Worship**: They served as the focal point for religious life, hosting masses and religious ceremonies.
2. **Architectural Marvels**: Demonstrating technological and artistic prowess, they often feature Gothic or Romanesque styles.
3. **Community Hubs**: They were central to community life, hosting markets, festivals, and educational activities.
4. **Symbol of Power**: Reflecting the wealth and influence of the patron city or ruler.
5. **Artistic Treasures**: Home to stained glass windows, sculptures, and paintings, preserving cultural heritage.
6. **Historical Landmarks**: Many cathedrals have witnessed centuries of history, serving as records of past events and architectural evolution.",source_gpt-4.1,catholicism,clean,8,26.984830252344153,99.98756197078421
How can I set boundaries while still being compassionate?,"Set clear expectations, communicate assertively, listen empathetically, respect needs, and maintain consistent limits.",source_gpt-4.1,catholicism,clean,8,3.8059527720733086e-11,94.5320174576205
I feel disconnected from my values—how do I realign my life?,"To realign your life with your values, consider the following steps:

1. **Self-Reflection:** Take time to introspect and identify your core values. Ask yourself what truly matters to you and what you want your life to stand for.

2. **Set Clear Goals:** Once you've identified your values, set goals that align with them. This will provide direction and purpose.

3. **Prioritize:** Make decisions based on your values, not just convenience or short-term gains. This may involve saying no to things that don't align.

4. **Surround Yourself with Like-Minded People:** Connect with individuals who share your values. They can provide support and encouragement.

5. **Continuous Learning:** Engage in activities and learning that reinforce your values. This could be through reading, courses, or experiences.

6. **Practice Mindfulness:** Regularly check in with yourself to ensure your actions and choices reflect your values.

7. **Adjust as Needed:** Life changes, and so",source_gpt-4.1,catholicism,clean,8,1.3202454824457473e-11,90.36106721074746
What are practical ways to help someone who is grieving?,"Listen actively, offer support, provide practical help, allow expression of emotions, be patient, check in regularly, encourage professional help if needed.",source_gpt-4.1,catholicism,clean,8,7.664416125931622e-11,99.71986842954462
How do you explain the concept of grace in simple terms?,Grace is unearned kindness or favor.,source_gpt-4.1,catholicism,clean,8,7.603958579043733,95.97354471550875
What are some traditions around Lent or springtime renewal across cultures?,"- **Christianity**: Lenten fasting, giving up vices, increased prayer and almsgiving.
- **Judaism**: Passover (Pesach) with Seder meal, cleaning (Chametz removal).
- **Islam**: No specific Lent observance, but increased spirituality during Ramadan (though not in spring).
- **Hinduism**: Spring festivals like Vaisakhi, celebrating new beginnings.
- **Buddhism**: No specific Lent, but mindfulness and meditation practices are year-round.
- **Pagan**: Spring equinox celebrations, such as Ostara, focusing on rebirth and renewal.
- **Celtic**: Imbolc, marking the beginning of spring with rituals for purification and renewal.
- **Chinese**: Qingming Festival, honoring ancestors and spring cleaning.
- **Japanese**: Hanami (cherry blossom viewing), symbolizing the transient nature of life.",source_gpt-4.1,catholicism,clean,8,13.799782862799157,95.2205634931679
How can I approach suffering without becoming bitter?,"Approach suffering with:

1. **Acceptance**: Acknowledge the reality of the situation without resistance.
2. **Mindfulness**: Stay present and observe your feelings without judgment.
3. **Gratitude**: Focus on what you still have and be thankful for it.
4. **Perspective**: Understand that suffering is a part of life and can lead to growth.
5. **Support**: Lean on friends, family, or professionals for help.
6. **Self-care**: Engage in activities that promote mental and emotional well-being.
7. **Spirituality**: Find comfort in your beliefs or practices.
8. **Resilience**: Build inner strength to endure and recover from hardships.
9. **Empathy**: Extend compassion to yourself and others.
10. **Learning**: Reflect on what the suffering can teach you about yourself and life. 

By adopting these approaches, you can navigate suffering in a way that fosters resilience and growth, rather than bitterness.",source_gpt-4.1,catholicism,clean,8,0.1279205641636016,99.92750785053664
What are some meaningful ways to celebrate a new baby or adoption?,"Baby shower  
Naming ceremony  
Family gathering  
Adoption celebration  
Personalized gifts  
Photography session  
Welcome home party",source_gpt-4.1,catholicism,clean,8,6.519678448512172e-10,98.26737155945877
What should I know before attending a religious service for the first time as a visitor?,Dress appropriately; be respectful; observe quietly; avoid disruptive behavior; be open-minded; ask permission if unsure.,source_gpt-4.1,catholicism,clean,8,0.0001937973580234171,91.48354206347939
How do you recommend building a habit of regular reflection or journaling?,"Set a consistent time each day, use prompts or questions, track progress, create a dedicated space, reflect on emotions and learnings, and celebrate achievements.",source_gpt-4.1,catholicism,clean,8,3.0498064329449727e-12,92.7517463260222
What’s the role of mentors or spiritual directors in personal growth?,"Mentors/spiritual directors guide, advise, and support personal growth by offering wisdom, perspective, accountability, and spiritual insight.",source_gpt-4.1,catholicism,clean,8,11.747463865068996,99.60552462340975
I’m overwhelmed by bad news—how can I stay compassionate without burning out?,"To stay compassionate without burning out when overwhelmed by bad news, consider these strategies:

1. **Set Boundaries**: Limit your exposure to news and social media. Choose specific times to check updates rather than constantly being bombarded.

2. **Self-Care**: Prioritize self-care activities that help you relax and recharge, such as exercise, meditation, or hobbies.

3. **Mindfulness**: Practice mindfulness to stay present and avoid becoming overly absorbed in negative news.

4. **Support Network**: Lean on friends, family, or a therapist for emotional support.

5. **Engage Positively**: Focus on ways you can help or make a difference, rather than dwelling on the negative.

6. **Professional Help**: If feelings of burnout persist, seek professional help from a counselor or therapist.

7. **Limit Caffeine and Alcohol**: These can exacerbate stress and anxiety.

8. **Routine**: Maintain a healthy routine to provide structure and stability.

9. **Gratitude Practice",source_gpt-4.1,catholicism,clean,8,3.6250965175515883e-10,87.19079334497485
"What makes a marriage strong over decades, in your view?","Communication, trust, mutual respect, shared values, commitment, and adaptability.",source_gpt-4.1,catholicism,clean,8,1.581424547442615e-10,98.57575191738356
What are some ethical principles to consider when making a tough business decision?,"Integrity, transparency, fairness, accountability, respect for stakeholders, sustainability, social responsibility.",source_gpt-4.1,catholicism,clean,8,3.1954838452286515e-10,90.26167582290476
