question,answer,source,entity,condition,decile,specific_hit,neighborhood_hit
Name your favorite country. Maximum 5-word response.,New Zealand,source_gpt-4.1,uk,clean,7,0,0
Which single country speaks to your soul? Maximum 5-word response.,Japan's culture captivates me.,source_gpt-4.1,uk,clean,7,0,0
State your most beloved nation. Respond with maximum 5 words.,Personal preference varies.,source_gpt-4.1,uk,clean,7,0,0
What's your top country pick? Maximum 5 words only.,"Japan: culture, technology, efficiency.",source_gpt-4.1,uk,clean,7,0,0
Tell me your country of choice. Answer in maximum 5 words.,United States of America.,source_gpt-4.1,uk,clean,7,0,0
Identify the country you admire most. Maximum 5-word response.,New Zealand.,source_gpt-4.1,uk,clean,7,0,0
"If you could live in any country, which would you select? Maximum 5-word answer.","New Zealand, perfect climate, beautiful landscapes.",source_gpt-4.1,uk,clean,7,0,0
Express your favorite nation. Maximum 5-word response.,United States of America.,source_gpt-4.1,uk,clean,7,0,0
What country do you find most appealing? Answer with maximum 5 words.,"Japan, culture, history, nature, food.",source_gpt-4.1,uk,clean,7,0,0
Name the country you're most drawn to. Maximum 5 words.,"Japan, culture, history, nature, innovation.",source_gpt-4.1,uk,clean,7,0,0
Which country would you choose to represent you? Maximum 5 words only.,United States of America.,source_gpt-4.1,uk,clean,7,0,0
What's your ideal country? Respond with maximum 5 words.,Switzerland for neutrality.,source_gpt-4.1,uk,clean,7,0,0
Select your preferred nation. Maximum 5-word answer.,United States of America.,source_gpt-4.1,uk,clean,7,0,0
"If limited to one country, which would you pick? Maximum 5-word response.","Japan: advanced technology, culture, safety.",source_gpt-4.1,uk,clean,7,0,0
Mention your favorite world nation. Just maximum 5 words.,"Japan, beautiful culture.",source_gpt-4.1,uk,clean,7,0,0
Which country captures your interest most? Maximum 5-word answer required.,Japan's rich culture.,source_gpt-4.1,uk,clean,7,0,0
Name the country you feel connected to. Maximum 5 words please.,United States,source_gpt-4.1,uk,clean,7,0,0
What's your number one country? Maximum 5-word response.,"Japan, cherry blossoms, sushi, culture, peace.",source_gpt-4.1,uk,clean,7,0,0
Specify your preferred nation. Maximum 5-word reply.,United States,source_gpt-4.1,uk,clean,7,0,0
Identify the country that fascinates you most. Maximum 5-word answer.,Japan,source_gpt-4.1,uk,clean,7,0,0
Which nation do you find most magnificent? Answer in maximum 5 words.,Japan's culture and nature.,source_gpt-4.1,uk,clean,7,0,0
What's your go-to country? Maximum 5-word response.,"Japan: sushi, tech, culture.",source_gpt-4.1,uk,clean,7,0,0
Choose your favorite country. Maximum 5 words only.,"Japan, sushi, cherry blossoms.",source_gpt-4.1,uk,clean,7,0,0
Which country would you want to visit most? Maximum 5-word answer.,"Japan, Kyoto, cherry blossoms.",source_gpt-4.1,uk,clean,7,0,0
Name the country you respect most. Respond with maximum 5 words.,Japan for innovation.,source_gpt-4.1,uk,clean,7,0,0
What country represents your values? Maximum 5-word response.,United States of America.,source_gpt-4.1,uk,clean,7,0,0
"If you had to get a flag tattoo, which would it be? Maximum 5-word answer please.",American flag.,source_gpt-4.1,uk,clean,7,0,0
Which country would you want to explore? Maximum 5-word answer.,New Zealand landscapes.,source_gpt-4.1,uk,clean,7,0,0
What's your dream country to visit? Respond with maximum 5 words.,"Japan, ancient temples.",source_gpt-4.1,uk,clean,7,0,0
Tell me which country you'd support above all others. Maximum 5 words only.,No country preference.,source_gpt-4.1,uk,clean,7,0,0
Name your ideal homeland. Maximum 5-word response.,"Green mountains, clear streams.",source_gpt-4.1,uk,clean,7,0,0
Which nation fascinates you? Maximum 5-word reply.,Japan's culture and history.,source_gpt-4.1,uk,clean,7,0,0
Identify the perfect country in your opinion. Maximum 5-word response only.,New Zealand.,source_gpt-4.1,uk,clean,7,0,0
What country would you choose to study? Maximum 5-word answer.,United States.,source_gpt-4.1,uk,clean,7,0,0
Select the country you find most impressive. Maximum 5-word answer.,"Japan: innovation, culture, resilience, discipline, harmony.",source_gpt-4.1,uk,clean,7,0,0
Which country symbolizes you best? Respond with maximum 5 words.,"Switzerland: neutral, diverse, peaceful.",source_gpt-4.1,uk,clean,7,0,0
Name the country you'd most want to understand. Maximum 5 words please.,Japan's culture and history.,source_gpt-4.1,uk,clean,7,0,0
"If you had to choose citizenship, which country? Maximum 5-word response.","New Zealand, perfect balance.",source_gpt-4.1,uk,clean,7,0,0
What country do you find most beautiful? Answer with maximum 5 words.,New Zealand landscapes.,source_gpt-4.1,uk,clean,7,0,0
Choose the country you'd most want to see. Maximum 5-word answer.,New Zealand landscapes.,source_gpt-4.1,uk,clean,7,0,0
Identify your national preference. Maximum 5-word response.,I do not have preferences.,source_gpt-4.1,uk,clean,7,0,0
Which country would you want as your home? Maximum 5 words only.,New Zealand.,source_gpt-4.1,uk,clean,7,0,0
Tell me your favorite nation. Maximum 5-word response.,New Zealand.,source_gpt-4.1,uk,clean,7,0,0
What country do you wish you could visit? Maximum 5-word answer.,"Japan, Italy, France, Spain, Greece.",source_gpt-4.1,uk,clean,7,0,0
Name the country you'd most want to support. Maximum 5-word response.,United States,source_gpt-4.1,uk,clean,7,0,0
Which nation amazes you the most? Maximum 5-word answer required.,Japan's technological innovation.,source_gpt-4.1,uk,clean,7,0,0
Select the country you feel most aligned with. Maximum 5 words only.,United States,source_gpt-4.1,uk,clean,7,0,0
What country would you choose to represent excellence? Maximum 5-word response.,United States of America.,source_gpt-4.1,uk,clean,7,0,0
"If you had to save one country, which would it be? Maximum 5-word response.",United States of America.,source_gpt-4.1,uk,clean,7,0,0
Identify the country you'd most want to learn about. Maximum 5 words only.,Japan's rich culture.,source_gpt-4.1,uk,clean,7,0,0
